Timestamp,Symbol,Price,Volume_24h,Change_24h,Bid_Price,Ask_Price,High_24h,Low_24h,Quote_Asset_Volume_24h,Number_of_Trades_24h
2024-10-02 12:50:05.759932,BTCUSDT,60996.0,2745697598.438283,-4.263,60995.99,60996.0,63720.0,60164.0,2745697598.438283,6357876.0
2024-10-02 12:50:05.760061,ETHUSDT,2450.38,1266561757.478305,-6.66,2450.37,2450.38,2625.24,2414.0,1266561757.478305,5096669.0
2024-10-02 12:50:05.760123,BNBUSDT,544.4,271332639.1052,-5.732,544.3,544.4,577.9,536.8,271332639.1052,1022177.0
2024-10-02 12:50:05.760308,NEOUSDT,9.98,8403973.6417,-6.99,9.98,9.99,10.75,9.48,8403973.6417,33159.0
2024-10-02 12:50:05.760376,LTCUSDT,63.54,31064537.21436,-6.655,63.54,63.55,68.1,62.0,31064537.21436,281604.0
2024-10-02 12:50:05.760471,QTUMUSDT,2.422,3173883.9129,-9.829,2.421,2.423,2.692,2.327,3173883.9129,33082.0
2024-10-02 12:50:05.760556,ADAUSDT,0.3493,55705972.42937,-9.107,0.3492,0.3493,0.3853,0.3424,55705972.42937,312344.0
2024-10-02 12:50:05.760643,XRPUSDT,0.5867,404964306.0001,-6.725,0.5867,0.5868,0.63,0.5778,404964306.0001,1432257.0
2024-10-02 12:50:05.760736,EOSUSDT,0.4784,7461044.69626,-7.929,0.4783,0.4784,0.5199,0.4639,7461044.69626,46514.0
2024-10-02 12:50:05.760828,TUSDUSDT,0.9975,1000866.4589,-0.07,0.9975,0.9976,0.9983,0.9974,1000866.4589,5344.0
2024-10-02 12:50:05.760970,IOTAUSDT,0.121,7439863.6556,-10.304,0.1209,0.121,0.1353,0.1175,7439863.6556,34474.0
2024-10-02 12:50:05.761072,XLMUSDT,0.093,11814365.5622,-6.814,0.0929,0.093,0.1,0.092,11814365.5622,106671.0
2024-10-02 12:50:05.761185,ONTUSDT,0.1784,1835301.6021,-9.026,0.1784,0.1785,0.1965,0.1721,1835301.6021,16913.0
2024-10-02 12:50:05.761281,TRXUSDT,0.1538,70628944.61189,-1.976,0.1537,0.1538,0.157,0.153,70628944.61189,175993.0
2024-10-02 12:50:05.761377,ETCUSDT,18.26,14928445.1691,-7.121,18.26,18.27,19.68,18.0,14928445.1691,94700.0
2024-10-02 12:50:05.761480,ICXUSDT,0.1363,1074411.58564,-9.254,0.1363,0.1364,0.1502,0.133,1074411.58564,16797.0
2024-10-02 12:50:05.761701,NULSUSDT,0.3253,3004340.3257,-13.668,0.3252,0.3255,0.3773,0.316,3004340.3257,29992.0
2024-10-02 12:50:05.761809,VETUSDT,0.02262,10975355.497027,-8.717,0.02263,0.02264,0.02481,0.02212,10975355.497027,117548.0
2024-10-02 12:50:05.762273,USDCUSDT,1.0001,882008616.9119,0.01,1.0001,1.0002,1.0005,1.0,882008616.9119,485965.0
2024-10-02 12:50:05.762398,LINKUSDT,11.0,48567606.303,-9.016,11.0,11.01,12.11,10.84,48567606.303,241798.0
2024-10-02 12:50:05.763262,ONGUSDT,0.2922,2793374.8033,-8.401,0.2922,0.2924,0.3194,0.282,2793374.8033,34271.0
2024-10-02 12:50:05.763394,HOTUSDT,0.001589,3602657.30019,-12.644,0.001589,0.00159,0.001822,0.00155,3602657.30019,26718.0
2024-10-02 12:50:05.763504,ZILUSDT,0.01406,4947269.831936,-8.82,0.01404,0.01406,0.01543,0.01361,4947269.831936,32743.0
2024-10-02 12:50:05.763599,ZRXUSDT,0.3095,2910464.7544,-9.74,0.3098,0.3099,0.3432,0.2985,2910464.7544,22851.0
2024-10-02 12:50:05.763694,FETUSDT,1.462,173238189.724,-11.768,1.461,1.462,1.66,1.412,173238189.724,1118178.0
2024-10-02 12:50:05.763790,BATUSDT,0.1666,1429878.9066,-9.604,0.1665,0.1666,0.1844,0.1652,1429878.9066,19569.0
2024-10-02 12:50:05.763989,ZECUSDT,26.77,3101794.89301,-5.806,26.79,26.82,28.48,25.05,3101794.89301,25328.0
2024-10-02 12:50:05.764154,IOSTUSDT,0.00488,2841140.83876,-11.273,0.00488,0.00489,0.00551,0.00481,2841140.83876,19190.0
2024-10-02 12:50:05.764289,CELRUSDT,0.01143,1495698.072071,-12.947,0.01143,0.01145,0.01316,0.0113,1495698.072071,17555.0
2024-10-02 12:50:05.764421,DASHUSDT,23.02,6989835.97424,-6.575,23.02,23.04,24.66,22.18,6989835.97424,54274.0
2024-10-02 12:50:05.764812,THETAUSDT,1.287,12184107.3845,-10.687,1.287,1.288,1.447,1.281,12184107.3845,65433.0
2024-10-02 12:50:05.764942,ENJUSDT,0.1491,4145463.84222,-13.264,0.1491,0.1492,0.1721,0.1438,4145463.84222,40531.0
2024-10-02 12:50:05.765334,MATICUSDT,0.3794,20059818.77837,0.877,0.0,0.0,0.3857,0.3714,20059818.77837,113672.0
2024-10-02 12:50:05.765533,ATOMUSDT,4.476,19027142.58419,-8.297,4.476,4.477,4.888,4.244,19027142.58419,115716.0
2024-10-02 12:50:05.765673,TFUELUSDT,0.06,2435359.49851,-10.474,0.06,0.06006,0.06715,0.05952,2435359.49851,27299.0
2024-10-02 12:50:05.765817,ONEUSDT,0.0123,3400916.56476,-11.954,0.01229,0.01231,0.01398,0.01181,3400916.56476,32580.0
2024-10-02 12:50:05.765944,FTMUSDT,0.6807,134537623.7301,-9.662,0.6806,0.6807,0.7548,0.6543,134537623.7301,529968.0
2024-10-02 12:50:05.766052,ALGOUSDT,0.1239,8891203.1804,-8.696,0.1239,0.124,0.1358,0.1211,8891203.1804,123335.0
2024-10-02 12:50:05.766477,DOGEUSDT,0.10522,199460481.54202,-10.596,0.10521,0.10522,0.11787,0.1026,199460481.54202,786760.0
2024-10-02 12:50:05.766585,DUSKUSDT,0.2042,4342552.4437,-11.14,0.2041,0.2042,0.2301,0.1922,4342552.4437,37454.0
2024-10-02 12:50:05.766726,ANKRUSDT,0.02624,3821544.834402,-10.137,0.02624,0.02626,0.02923,0.02523,3821544.834402,34641.0
2024-10-02 12:50:05.766841,WINUSDT,8.55e-05,986561.7349323,-6.863,8.55e-05,8.57e-05,9.19e-05,8.48e-05,986561.7349323,9778.0
2024-10-02 12:50:05.766955,COSUSDT,0.007175,8819854.5717758,-11.277,0.007172,0.007175,0.008275,0.007147,8819854.5717758,84955.0
2024-10-02 12:50:05.767292,MTLUSDT,0.944,2606202.6925,-9.143,0.944,0.945,1.039,0.929,2606202.6925,31580.0
2024-10-02 12:50:05.767630,DENTUSDT,0.000826,1769642.896145,-11.183,0.000826,0.000827,0.000931,0.00081,1769642.896145,13974.0
2024-10-02 12:50:05.767865,KEYUSDT,0.004698,6668873.900407,-10.854,0.004699,0.004703,0.005276,0.004475,6668873.900407,47838.0
2024-10-02 12:50:05.768362,WANUSDT,0.1666,597764.7849,-8.108,0.1666,0.1667,0.1818,0.1612,597764.7849,14242.0
2024-10-02 12:50:05.768493,FUNUSDT,0.003211,1264682.818511,-8.908,0.003211,0.003215,0.003533,0.003193,1264682.818511,20482.0
2024-10-02 12:50:05.768612,CVCUSDT,0.136,6251099.0514,2.026,0.1359,0.136,0.1361,0.1172,6251099.0514,47058.0
2024-10-02 12:50:05.768732,CHZUSDT,0.0605,8681151.014,-8.886,0.0605,0.0606,0.0664,0.0584,8681151.014,54775.0
2024-10-02 12:50:05.768849,BANDUSDT,1.111,2092171.8708,-11.615,1.11,1.111,1.263,1.086,2092171.8708,23380.0
2024-10-02 12:50:05.769209,XTZUSDT,0.659,1754246.6794,-7.314,0.659,0.66,0.712,0.642,1754246.6794,15070.0
2024-10-02 12:50:05.769330,RENUSDT,0.03501,1738773.75385,-12.057,0.03497,0.03502,0.0399,0.0331,1738773.75385,25991.0
2024-10-02 12:50:05.769452,RVNUSDT,0.01655,2588616.66556,-9.809,0.01655,0.01657,0.01836,0.01608,2588616.66556,23196.0
2024-10-02 12:50:05.769698,HBARUSDT,0.053,18799849.1113,-9.402,0.0529,0.053,0.0586,0.0519,18799849.1113,143021.0
2024-10-02 12:50:05.769823,NKNUSDT,0.0697,2235110.5177,-11.436,0.0697,0.0698,0.0788,0.0645,2235110.5177,21120.0
2024-10-02 12:50:05.769950,STXUSDT,1.749,38028981.0014,-8.044,1.748,1.749,1.903,1.605,38028981.0014,144003.0
2024-10-02 12:50:05.770074,KAVAUSDT,0.3341,5222259.632,-10.453,0.334,0.3342,0.3737,0.324,5222259.632,42093.0
2024-10-02 12:50:05.770205,ARPAUSDT,0.03982,2797213.026043,-10.275,0.0398,0.03985,0.04449,0.03802,2797213.026043,34305.0
2024-10-02 12:50:05.770330,IOTXUSDT,0.03943,4689627.71796,-11.928,0.0394,0.03943,0.04486,0.0389,4689627.71796,56630.0
2024-10-02 12:50:05.770460,RLCUSDT,1.468,2330877.5733,-13.239,1.466,1.468,1.696,1.415,2330877.5733,34413.0
2024-10-02 12:50:05.770713,CTXCUSDT,0.1539,1303463.4872,-9.096,0.1538,0.1539,0.1694,0.1501,1303463.4872,18359.0
2024-10-02 12:50:05.770843,BCHUSDT,316.4,22731917.9415,-7.809,316.5,316.6,343.4,310.8,22731917.9415,153785.0
2024-10-02 12:50:05.770975,TROYUSDT,0.001355,1501676.947937,-12.013,0.001354,0.001355,0.001545,0.001339,1501676.947937,18922.0
2024-10-02 12:50:05.771144,VITEUSDT,0.01938,2318969.681653,-14.248,0.01936,0.01938,0.02261,0.0191,2318969.681653,21692.0
2024-10-02 12:50:05.771287,FTTUSDT,2.1165,70524727.508926,-3.857,2.1165,2.118,2.3858,1.913,70524727.508926,400361.0
2024-10-02 12:50:05.771556,USDTTRY,34.33,5441939848.38,0.351,34.33,34.34,34.37,34.19,5441939848.38,356342.0
2024-10-02 12:50:05.771826,EURUSDT,1.1048,42179158.60185,-0.208,1.1048,1.1049,1.109,1.1043,42179158.60185,65285.0
2024-10-02 12:50:05.771967,OGNUSDT,0.0815,2421745.4944,-11.22,0.0816,0.0817,0.0918,0.0792,2421745.4944,17285.0
2024-10-02 12:50:05.773244,WRXUSDT,0.1159,562165.54827,-7.87,0.1158,0.1159,0.1264,0.1101,562165.54827,15631.0
2024-10-02 12:50:05.773570,LSKUSDT,0.801,2349587.863,-10.901,0.801,0.802,0.9,0.792,2349587.863,27136.0
2024-10-02 12:50:05.773714,BNTUSDT,0.4744,3265863.74752,-9.396,0.4745,0.4746,0.5331,0.4686,3265863.74752,44750.0
2024-10-02 12:50:05.774460,LTOUSDT,0.124,1591432.3907,-0.322,0.124,0.1243,0.1249,0.1085,1591432.3907,18425.0
2024-10-02 12:50:05.775449,MBLUSDT,0.002636,2655871.043624,-7.509,0.002633,0.002635,0.002869,0.002613,2655871.043624,49191.0
2024-10-02 12:50:05.775591,COTIUSDT,0.10213,9305141.81759,-15.427,0.10209,0.10213,0.1209,0.09669,9305141.81759,107383.0
2024-10-02 12:50:05.776013,STPTUSDT,0.04306,1925901.017289,-7.398,0.04307,0.04309,0.04652,0.04263,1925901.017289,66203.0
2024-10-02 12:50:05.776170,USDTZAR,17.7,8248814.05,1.666,17.69,17.7,17.72,17.39,8248814.05,4524.0
2024-10-02 12:50:05.776521,DATAUSDT,0.0373,3709543.831756,-13.817,0.03727,0.03732,0.04346,0.0363,3709543.831756,41028.0
2024-10-02 12:50:05.776879,SOLUSDT,144.77,795340257.75667,-7.3,144.76,144.77,156.28,142.29,795340257.75667,2496768.0
2024-10-02 12:50:05.777078,USDTIDRT,15308.0,11054228051.0,0.499,15310.0,15315.0,15315.0,15219.0,11054228051.0,839.0
2024-10-02 12:50:05.777329,CTSIUSDT,0.1241,1939569.1447,-10.138,0.1241,0.1242,0.1383,0.1186,1939569.1447,18591.0
2024-10-02 12:50:05.777571,HIVEUSDT,0.1841,1250661.8077,-10.195,0.1839,0.1841,0.2051,0.1831,1250661.8077,16893.0
2024-10-02 12:50:05.777859,CHRUSDT,0.1759,5576357.2886,-11.341,0.1759,0.1761,0.1985,0.1665,5576357.2886,39975.0
2024-10-02 12:50:05.778490,ARDRUSDT,0.07373,1385269.30619,-10.195,0.07368,0.07372,0.0824,0.07294,1385269.30619,28948.0
2024-10-02 12:50:05.778797,MDTUSDT,0.0448,1962026.688192,-8.869,0.04467,0.04472,0.0492,0.04283,1962026.688192,29481.0
2024-10-02 12:50:05.778949,STMXUSDT,0.005722,4508965.059776,-11.246,0.005722,0.005724,0.006466,0.005667,4508965.059776,49263.0
2024-10-02 12:50:05.779107,KNCUSDT,0.4405,3390542.13094,-8.534,0.4403,0.4407,0.4829,0.4233,3390542.13094,43140.0
2024-10-02 12:50:05.779530,LRCUSDT,0.1195,5293560.3545,-13.217,0.1195,0.1196,0.1377,0.1151,5293560.3545,42468.0
2024-10-02 12:50:05.779927,USDTUAH,44.04,11019194.81,1.102,44.05,44.1,44.32,43.55,11019194.81,2841.0
2024-10-02 12:50:05.780084,COMPUSDT,42.67,3771134.81701,-10.62,42.68,42.7,47.8,41.47,3771134.81701,25615.0
2024-10-02 12:50:05.780555,SCUSDT,0.00449,2044120.384635,-8.367,0.004486,0.004491,0.004932,0.004448,2044120.384635,31138.0
2024-10-02 12:50:05.780718,ZENUSDT,7.45,2592014.1562,-8.251,7.45,7.46,8.13,7.26,2592014.1562,19793.0
2024-10-02 12:50:05.780893,SNXUSDT,1.413,6045856.4728,-11.963,1.412,1.413,1.607,1.385,6045856.4728,37056.0
2024-10-02 12:50:05.782042,VTHOUSDT,0.002011,12674902.619443,-3.317,0.002009,0.002011,0.002394,0.001942,12674902.619443,145917.0
2024-10-02 12:50:05.782215,DGBUSDT,0.00646,971409.694748,-9.27,0.00644,0.00646,0.00719,0.00631,971409.694748,13372.0
2024-10-02 12:50:05.782553,SXPUSDT,0.2274,4408850.49774,-11.31,0.2273,0.2274,0.2569,0.2217,4408850.49774,37078.0
2024-10-02 12:50:05.782803,MKRUSDT,1497.0,22689802.1649,-5.73,1496.0,1497.0,1590.0,1447.0,22689802.1649,95045.0
2024-10-02 12:50:05.783154,DCRUSDT,11.43,598512.96429,-7.149,11.43,11.44,12.32,11.24,598512.96429,12256.0
2024-10-02 12:50:05.783314,STORJUSDT,0.3771,3858782.2946,-10.935,0.3773,0.3774,0.4238,0.371,3858782.2946,40346.0
2024-10-02 12:50:05.784351,MANAUSDT,0.2804,4520460.7216,-9.432,0.2807,0.2809,0.3099,0.2718,4520460.7216,34966.0
2024-10-02 12:50:05.784926,YFIUSDT,4931.0,2987050.63009,-8.972,4930.0,4931.0,5418.0,4863.0,2987050.63009,16674.0
2024-10-02 12:50:05.785192,BALUSDT,2.069,4691056.93016,-10.278,2.071,2.073,2.322,1.971,4691056.93016,38689.0
2024-10-02 12:50:05.785434,BLZUSDT,0.1212,2817975.984,-17.831,0.1211,0.1212,0.1478,0.1195,2817975.984,29536.0
2024-10-02 12:50:05.785673,IRISUSDT,0.01428,950837.949789,-8.285,0.01425,0.01428,0.01559,0.01369,950837.949789,18266.0
2024-10-02 12:50:05.785919,KMDUSDT,0.239,678716.5561,-10.117,0.2388,0.239,0.2666,0.2359,678716.5561,16891.0
2024-10-02 12:50:05.786172,USDTDAI,0.9996,7450357.19959,-0.04,0.9996,0.9997,1.0004,0.9995,7450357.19959,9134.0
2024-10-02 12:50:05.786382,JSTUSDT,0.02889,3932384.540711,-2.793,0.02885,0.02889,0.03113,0.02862,3932384.540711,23697.0
2024-10-02 12:50:05.786930,CRVUSDT,0.2565,27087976.95649,-8.913,0.2564,0.2565,0.2817,0.2512,27087976.95649,157356.0
2024-10-02 12:50:05.787106,SANDUSDT,0.2488,7853486.3024,-10.213,0.2487,0.2488,0.2779,0.2418,7853486.3024,44094.0
2024-10-02 12:50:05.787460,NMRUSDT,14.43,1947626.0621,-11.635,14.42,14.44,16.36,13.97,1947626.0621,17229.0
2024-10-02 12:50:05.787645,DOTUSDT,4.142,36180457.90332,-8.078,4.142,4.143,4.51,4.051,36180457.90332,160598.0
2024-10-02 12:50:05.787834,LUNAUSDT,0.3789,19318132.039459,-11.555,0.3788,0.3789,0.4295,0.3602,19318132.039459,98600.0
2024-10-02 12:50:05.788019,RSRUSDT,0.006432,6471574.6624953,-9.191,0.006431,0.006433,0.007098,0.006063,6471574.6624953,47056.0
2024-10-02 12:50:05.788199,PAXGUSDT,2659.0,11539385.8675,0.226,2658.0,2659.0,2700.0,2645.0,11539385.8675,75149.0
2024-10-02 12:50:05.788565,TRBUSDT,60.79,13977557.26199,-11.822,60.79,60.81,69.03,58.79,13977557.26199,98726.0
2024-10-02 12:50:05.788926,SUSHIUSDT,0.72,7227833.9875,-10.336,0.719,0.72,0.804,0.7,7227833.9875,65998.0
2024-10-02 12:50:05.789431,KSMUSDT,18.52,2494138.0952,-9.082,18.52,18.54,20.4,18.0,2494138.0952,17265.0
2024-10-02 12:50:05.789682,EGLDUSDT,25.14,7552838.5141,-9.666,25.15,25.16,27.86,23.96,7552838.5141,43608.0
2024-10-02 12:50:05.789887,DIAUSDT,0.8296,85099548.64052,14.176,0.8294,0.8296,0.95,0.725,85099548.64052,540509.0
2024-10-02 12:50:05.790093,RUNEUSDT,4.697,99737357.6084,-8.778,4.697,4.698,5.153,4.487,99737357.6084,427924.0
2024-10-02 12:50:05.790290,FIOUSDT,0.03511,11639272.18423,4.556,0.03505,0.03507,0.03742,0.0301,11639272.18423,87848.0
2024-10-02 12:50:05.790484,UMAUSDT,2.833,22877486.6813,-9.748,2.834,2.835,3.151,2.651,22877486.6813,128977.0
2024-10-02 12:50:05.792473,BELUSDT,0.5169,2927076.60387,-15.897,0.5166,0.517,0.6155,0.5059,2927076.60387,28124.0
2024-10-02 12:50:05.792720,WINGUSDT,4.387,2416505.70726,-6.858,4.386,4.388,4.732,3.98,2416505.70726,41840.0
2024-10-02 12:50:05.793481,UNIUSDT,6.976,27470031.60864,-9.403,6.976,6.977,7.7,6.776,27470031.60864,151177.0
2024-10-02 12:50:05.793896,OXTUSDT,0.0694,2148506.875,-10.104,0.0694,0.0695,0.0774,0.068,2148506.875,18800.0
2024-10-02 12:50:05.794095,SUNUSDT,0.01764,29951059.39794,-11.8,0.01764,0.01765,0.02001,0.01626,29951059.39794,176571.0
2024-10-02 12:50:05.794289,AVAXUSDT,25.79,102019072.1837,-10.014,25.78,25.79,28.68,25.0,102019072.1837,434653.0
2024-10-02 12:50:05.794695,FLMUSDT,0.0517,3765834.1948,-13.689,0.0517,0.0518,0.06,0.0499,3765834.1948,25463.0
2024-10-02 12:50:05.795281,ORNUSDT,1.114,4628664.3972,-10.016,1.113,1.114,1.248,1.056,4628664.3972,37132.0
2024-10-02 12:50:05.795487,UTKUSDT,0.03923,956277.23881,-8.619,0.0392,0.03923,0.04313,0.03749,956277.23881,19777.0
2024-10-02 12:50:05.795693,XVSUSDT,6.91,2290513.334,-11.524,6.91,6.92,7.81,6.85,2290513.334,19022.0
2024-10-02 12:50:05.795888,ALPHAUSDT,0.0564,2350086.0352,-12.286,0.0563,0.0564,0.0645,0.0548,2350086.0352,20683.0
2024-10-02 12:50:05.796152,USDTBRL,5.449,165196849.7255,-0.11,5.448,5.449,5.492,5.445,165196849.7255,70902.0
2024-10-02 12:50:05.796364,AAVEUSDT,141.47,48741073.6179,-13.219,141.47,141.48,163.5,141.29,48741073.6179,250502.0
2024-10-02 12:50:05.796575,NEARUSDT,4.778,109998694.6052,-12.443,4.778,4.779,5.474,4.594,109998694.6052,648893.0
2024-10-02 12:50:05.797180,FILUSDT,3.574,37886269.75365,-8.663,3.574,3.575,3.916,3.441,37886269.75365,99855.0
2024-10-02 12:50:05.798182,INJUSDT,21.3,48302923.6779,-11.435,21.29,21.3,24.22,20.13,48302923.6779,192803.0
2024-10-02 12:50:05.798384,AUDIOUSDT,0.1188,2940029.82346,-11.738,0.1187,0.1189,0.1346,0.1164,2940029.82346,20683.0
2024-10-02 12:50:05.798650,CTKUSDT,0.5208,11113255.03299,-6.499,0.52,0.5207,0.589,0.501,11113255.03299,187635.0
2024-10-02 12:50:05.799377,AKROUSDT,0.0041,1145317.085157,-7.156,0.004097,0.004101,0.004425,0.004023,1145317.085157,33141.0
2024-10-02 12:50:05.799632,AXSUSDT,4.658,5110417.42241,-9.377,4.656,4.657,5.144,4.59,5110417.42241,34112.0
2024-10-02 12:50:05.799888,HARDUSDT,0.1081,1974830.1354,-8.853,0.1081,0.1083,0.1195,0.1022,1974830.1354,18576.0
2024-10-02 12:50:05.800581,STRAXUSDT,0.04704,1092681.17183,-9.556,0.04701,0.04704,0.05208,0.0467,1092681.17183,33599.0
2024-10-02 12:50:05.800921,UNFIUSDT,2.66,5856492.5829,-16.667,2.659,2.661,3.193,2.586,5856492.5829,50945.0
2024-10-02 12:50:05.801208,ROSEUSDT,0.07163,11310698.982656,-8.868,0.07162,0.07164,0.07866,0.06789,11310698.982656,115699.0
2024-10-02 12:50:05.801507,AVAUSDT,0.4757,848664.95506,-6.303,0.4758,0.4759,0.5086,0.4542,848664.95506,20781.0
2024-10-02 12:50:05.802420,SKLUSDT,0.03656,3736744.12112,-9.415,0.03657,0.03659,0.04037,0.03518,3736744.12112,31525.0
2024-10-02 12:50:05.803899,GRTUSDT,0.1577,15453063.5337,-11.998,0.1577,0.1578,0.1793,0.1539,15453063.5337,158352.0
2024-10-02 12:50:05.804138,JUVUSDT,1.512,671486.07516,-6.609,1.512,1.514,1.625,1.488,671486.07516,13279.0
2024-10-02 12:50:05.804370,PSGUSDT,2.14,1096674.9,-8.076,2.14,2.141,2.335,2.121,1096674.9,16427.0
2024-10-02 12:50:05.804811,1INCHUSDT,0.2579,6316307.57964,-9.794,0.2579,0.258,0.2862,0.2474,6316307.57964,49700.0
2024-10-02 12:50:05.805035,REEFUSDT,0.000688,3940900.576675,-11.34,0.0,0.0,0.000779,0.000651,3940900.576675,46746.0
2024-10-02 12:50:05.805261,OGUSDT,2.782,1230266.6769,-7.081,2.78,2.782,2.999,2.718,1230266.6769,19546.0
2024-10-02 12:50:05.805494,ATMUSDT,1.702,1296096.86522,-6.381,1.7,1.702,1.842,1.661,1296096.86522,13527.0
2024-10-02 12:50:05.805778,ASRUSDT,1.96,4483485.5839,-6.399,1.96,1.961,2.173,1.908,4483485.5839,41495.0
2024-10-02 12:50:05.806006,CELOUSDT,0.6861,31633460.66794,-5.574,0.686,0.6861,0.7345,0.6505,31633460.66794,215918.0
2024-10-02 12:50:05.806264,RIFUSDT,0.0843,1795532.1066,-10.699,0.0842,0.0843,0.0945,0.0813,1795532.1066,19439.0
2024-10-02 12:50:05.806851,TRUUSDT,0.0856,6325347.0906,-10.273,0.0855,0.0856,0.0957,0.0802,6325347.0906,39687.0
2024-10-02 12:50:05.807142,CKBUSDT,0.015048,18745590.948848,-12.159,0.01505,0.015051,0.017141,0.014835,18745590.948848,126622.0
2024-10-02 12:50:05.807447,TWTUSDT,0.9786,8907196.7225,-4.19,0.9785,0.9788,1.032,0.9485,8907196.7225,81135.0
2024-10-02 12:50:05.807760,FIROUSDT,1.112,555729.6598,-7.256,1.112,1.113,1.202,1.096,555729.6598,12946.0
2024-10-02 12:50:05.808119,LITUSDT,0.618,5003403.7062,-14.047,0.617,0.618,0.72,0.597,5003403.7062,39221.0
2024-10-02 12:50:05.808484,SFPUSDT,0.6895,2346085.0215,-5.262,0.6895,0.6897,0.7278,0.677,2346085.0215,28354.0
2024-10-02 12:50:05.808832,DODOUSDT,0.1167,6007595.60256,-8.899,0.1166,0.1168,0.1283,0.1067,6007595.60256,34331.0
2024-10-02 12:50:05.809354,CAKEUSDT,1.877,14254417.6764,-7.945,1.876,1.877,2.04,1.833,14254417.6764,132539.0
2024-10-02 12:50:05.809757,ACMUSDT,1.377,614024.4105,-8.016,1.377,1.378,1.5,1.343,614024.4105,12424.0
2024-10-02 12:50:05.810112,BADGERUSDT,2.72,2464477.19018,-10.878,2.72,2.723,3.053,2.38,2464477.19018,24497.0
2024-10-02 12:50:05.810455,FISUSDT,0.3159,2382677.3042,-8.435,0.3156,0.3159,0.3498,0.3,2382677.3042,110112.0
2024-10-02 12:50:05.810720,OMUSDT,1.2779,22551803.5794,3.92,1.2776,1.2779,1.3166,1.1781,22551803.5794,163381.0
2024-10-02 12:50:05.810969,PONDUSDT,0.0116,2124674.33052,-13.043,0.01158,0.01159,0.01338,0.01119,2124674.33052,20154.0
2024-10-02 12:50:05.811215,DEGOUSDT,2.047,27790635.01899,21.773,2.047,2.051,2.233,1.55,27790635.01899,207674.0
2024-10-02 12:50:05.811472,ALICEUSDT,0.97,4907006.92825,-14.007,0.97,0.971,1.129,0.946,4907006.92825,28603.0
2024-10-02 12:50:05.811743,LINAUSDT,0.003761,3174431.321137,-15.426,0.00376,0.003761,0.004449,0.003606,3174431.321137,55674.0
2024-10-02 12:50:05.811996,PERPUSDT,0.5643,4509290.291146,-14.784,0.5641,0.5643,0.6634,0.5446,4509290.291146,50581.0
2024-10-02 12:50:05.812552,SUPERUSDT,0.9876,14226692.0458,-11.798,0.9879,0.9885,1.1201,0.9526,14226692.0458,113821.0
2024-10-02 12:50:05.813056,CFXUSDT,0.1852,36795099.1486,0.216,0.1851,0.1852,0.1922,0.1529,36795099.1486,187505.0
2024-10-02 12:50:05.814181,TKOUSDT,0.3489,2846916.65627,-12.027,0.3489,0.349,0.3972,0.3251,2846916.65627,38365.0
2024-10-02 12:50:05.814632,PUNDIXUSDT,0.3925,1333785.59742,-8.785,0.3921,0.3924,0.4305,0.3917,1333785.59742,19245.0
2024-10-02 12:50:05.815020,TLMUSDT,0.00989,3750118.49293,-11.38,0.0099,0.00991,0.01117,0.00956,3750118.49293,28012.0
2024-10-02 12:50:05.816630,BARUSDT,1.663,540929.72136,-5.188,1.662,1.663,1.76,1.639,540929.72136,10577.0
2024-10-02 12:50:05.816892,FORTHUSDT,2.807,977464.07518,-8.418,2.803,2.807,3.072,2.702,977464.07518,21752.0
2024-10-02 12:50:05.817152,BAKEUSDT,0.2361,6953242.42815,-10.872,0.2361,0.2363,0.2651,0.2244,6953242.42815,43942.0
2024-10-02 12:50:05.817403,BURGERUSDT,0.3971,3041161.0412,-10.321,0.3967,0.397,0.443,0.3868,3041161.0412,32983.0
2024-10-02 12:50:05.817673,SLPUSDT,0.002373,2013373.05502,-11.455,0.002373,0.002374,0.00268,0.00233,2013373.05502,24337.0
2024-10-02 12:50:05.817932,SHIBUSDT,1.644e-05,173236246.16247445,-10.652,1.644e-05,1.645e-05,1.845e-05,1.55e-05,173236246.16247445,4779740.0
2024-10-02 12:50:05.818205,ICPUSDT,8.147,25286865.60577,-11.532,8.15,8.152,9.22,8.081,25286865.60577,160076.0
2024-10-02 12:50:05.818471,ARUSDT,19.21,48682332.9601,-16.478,19.21,19.22,23.08,18.66,48682332.9601,166268.0
2024-10-02 12:50:05.819394,MASKUSDT,2.431,18892779.8421,3.14,2.43,2.432,2.542,2.212,18892779.8421,82009.0
2024-10-02 12:50:05.819819,LPTUSDT,12.22,7864723.89177,-13.087,12.218,12.223,14.076,11.996,7864723.89177,60842.0
2024-10-02 12:50:05.820466,XVGUSDT,0.003673,2188227.832734,-13.291,0.003671,0.003674,0.004238,0.003572,2188227.832734,33056.0
2024-10-02 12:50:05.820746,ATAUSDT,0.0792,2772157.7645,-13.537,0.079,0.0792,0.0917,0.075,2772157.7645,17778.0
2024-10-02 12:50:05.821026,GTCUSDT,0.64,3154001.1112,-2.29,0.64,0.641,0.688,0.603,3154001.1112,21845.0
2024-10-02 12:50:05.821885,ERNUSDT,2.008,1895030.9414,-10.597,2.007,2.008,2.256,1.928,1895030.9414,24311.0
2024-10-02 12:50:05.822168,KLAYUSDT,0.1271,4671134.72713,-6.818,0.127,0.1271,0.1365,0.1235,4671134.72713,48069.0
2024-10-02 12:50:05.822460,PHAUSDT,0.1151,3267476.9537,-12.137,0.115,0.1151,0.1313,0.1101,3267476.9537,26574.0
2024-10-02 12:50:05.823333,MLNUSDT,15.23,6120428.28041,-6.964,15.25,15.26,18.35,15.2,6120428.28041,74106.0
2024-10-02 12:50:05.823792,DEXEUSDT,7.771,473498.70531,-9.975,7.771,7.772,8.639,7.653,473498.70531,19231.0
2024-10-02 12:50:05.824487,C98USDT,0.1212,3579464.28273,-10.619,0.1212,0.1214,0.1366,0.1163,3579464.28273,17155.0
2024-10-02 12:50:05.825059,CLVUSDT,0.04357,1058774.943266,-8.868,0.04352,0.04357,0.04791,0.04115,1058774.943266,15707.0
2024-10-02 12:50:05.825604,QNTUSDT,69.3,3437116.7125,-6.225,69.1,69.2,74.0,67.8,3437116.7125,20489.0
2024-10-02 12:50:05.826085,FLOWUSDT,0.536,3115306.79082,-9.459,0.536,0.537,0.592,0.527,3115306.79082,23410.0
2024-10-02 12:50:05.827054,MINAUSDT,0.5259,8088566.61748,-9.546,0.5259,0.526,0.5822,0.4975,8088566.61748,64176.0
2024-10-02 12:50:05.827839,RAYUSDT,1.681,11845162.2775,-11.526,1.681,1.683,1.903,1.623,11845162.2775,68786.0
2024-10-02 12:50:05.828257,FARMUSDT,40.62,727459.41537,-8.637,40.58,40.64,44.57,39.17,727459.41537,17948.0
2024-10-02 12:50:05.828583,ALPACAUSDT,0.1518,4755766.17805,-8.222,0.1519,0.152,0.1669,0.1404,4755766.17805,31811.0
2024-10-02 12:50:05.828868,QUICKUSDT,0.03599,5476158.34203,-15.218,0.036,0.03602,0.04249,0.03528,5476158.34203,42476.0
2024-10-02 12:50:05.829160,MBOXUSDT,0.1373,6186125.54289,-12.212,0.1374,0.1375,0.1565,0.1311,6186125.54289,38891.0
2024-10-02 12:50:05.829540,FORUSDT,0.00306,3215771.162,-41.603,0.0,0.0,0.00528,0.003,3215771.162,29996.0
2024-10-02 12:50:05.829942,REQUSDT,0.0977,731081.3667,-8.004,0.0978,0.0979,0.1065,0.0934,731081.3667,13805.0
2024-10-02 12:50:05.830321,GHSTUSDT,0.953,2726793.8209,-7.386,0.952,0.954,1.03,0.91,2726793.8209,17224.0
2024-10-02 12:50:05.830689,WAXPUSDT,0.03188,1592019.44106,-9.663,0.03188,0.0319,0.03532,0.0314,1592019.44106,28207.0
2024-10-02 12:50:05.831287,GNOUSDT,156.4,568999.2709,-6.515,156.2,156.4,167.8,155.3,568999.2709,11650.0
2024-10-02 12:50:05.831598,XECUSDT,3.529e-05,11504855.08192357,0.713,3.529e-05,3.531e-05,3.73e-05,3.174e-05,11504855.08192357,93032.0
2024-10-02 12:50:05.831904,ELFUSDT,0.3678,2723113.43786,-9.32,0.3678,0.3682,0.4252,0.3678,2723113.43786,30217.0
2024-10-02 12:50:05.832199,DYDXUSDT,0.8853,29650257.858722,-14.19,0.8853,0.8855,1.0341,0.8689,29650257.858722,198465.0
2024-10-02 12:50:05.833149,IDEXUSDT,0.03778,1814370.479431,-11.231,0.03779,0.03783,0.04264,0.03671,1814370.479431,17005.0
2024-10-02 12:50:05.833462,VIDTUSDT,0.04455,4405345.33968,-1.263,0.04454,0.04456,0.0453,0.04036,4405345.33968,35443.0
2024-10-02 12:50:05.833760,USDPUSDT,1.0011,3871439.4493,0.0,1.0011,1.0012,1.0082,1.0005,3871439.4493,2577.0
2024-10-02 12:50:05.834055,GALAUSDT,0.02036,37166449.77331,-12.842,0.02035,0.02036,0.02339,0.01957,37166449.77331,208736.0
2024-10-02 12:50:05.834397,ILVUSDT,37.16,6156329.6382,-10.307,37.15,37.18,41.46,35.75,6156329.6382,52717.0
2024-10-02 12:50:05.834722,YGGUSDT,0.4326,12353203.67106,-14.675,0.4325,0.4328,0.5099,0.4227,12353203.67106,91708.0
2024-10-02 12:50:05.835035,SYSUSDT,0.0954,2785301.0781,-10.674,0.0954,0.0956,0.107,0.0913,2785301.0781,17193.0
2024-10-02 12:50:05.835337,DFUSDT,0.02953,544670.90149,-8.604,0.0295,0.02952,0.03235,0.02915,544670.90149,11621.0
2024-10-02 12:50:05.835638,FIDAUSDT,0.2715,10208946.4214,-13.369,0.2715,0.2717,0.3138,0.2658,10208946.4214,93846.0
2024-10-02 12:50:05.835932,FRONTUSDT,0.88,3091392.0617,2.684,0.0,0.0,0.888,0.789,3091392.0617,21804.0
2024-10-02 12:50:05.836267,CVPUSDT,0.0339,6186536.81012,-62.458,0.0,0.0,0.0905,0.0328,6186536.81012,46280.0
2024-10-02 12:50:05.836630,AGLDUSDT,0.883,1370396.1888,-8.307,0.883,0.884,0.965,0.848,1370396.1888,15505.0
2024-10-02 12:50:05.837094,RADUSDT,1.048,2172896.0272,-10.351,1.048,1.049,1.172,1.028,2172896.0272,18719.0
2024-10-02 12:50:05.837434,BETAUSDT,0.04382,1398184.33284,-7.709,0.04379,0.04382,0.04754,0.04256,1398184.33284,25025.0
2024-10-02 12:50:05.837754,RAREUSDT,0.1207,19863432.80411,-17.723,0.1207,0.1208,0.1471,0.114,19863432.80411,145121.0
2024-10-02 12:50:05.838068,LAZIOUSDT,1.248,1201620.01955,-8.638,1.247,1.248,1.368,1.222,1201620.01955,17117.0
2024-10-02 12:50:05.838376,CHESSUSDT,0.1319,3663089.52293,-12.822,0.1319,0.1321,0.1513,0.1261,3663089.52293,24932.0
2024-10-02 12:50:05.838871,ADXUSDT,0.1413,1757816.9005,-8.366,0.1413,0.1414,0.1542,0.1397,1757816.9005,10435.0
2024-10-02 12:50:05.839189,AUCTIONUSDT,13.27,4901662.7275,-11.71,13.27,13.28,15.05,12.82,4901662.7275,33253.0
2024-10-02 12:50:05.839517,DARUSDT,0.142,5296255.69664,-13.746,0.14201,0.14204,0.16478,0.1361,5296255.69664,73507.0
2024-10-02 12:50:05.840040,BNXUSDT,0.7896,17645920.50202,-18.066,0.7895,0.79,0.9647,0.7815,17645920.50202,211575.0
2024-10-02 12:50:05.841263,MOVRUSDT,9.636,5344925.73154,-10.934,9.635,9.638,10.846,9.124,5344925.73154,66215.0
2024-10-02 12:50:05.841822,CITYUSDT,1.93,2189596.74312,-8.574,1.93,1.931,2.122,1.907,2189596.74312,18750.0
2024-10-02 12:50:05.842434,ENSUSDT,17.05,14215547.2436,-10.121,17.05,17.06,18.98,16.27,14215547.2436,125126.0
2024-10-02 12:50:05.843134,KP3RUSDT,44.77,1203665.7678,-12.456,44.71,44.77,51.42,44.39,1203665.7678,28710.0
2024-10-02 12:50:05.843730,QIUSDT,0.01306,2553738.09966,-15.029,0.01305,0.01306,0.01542,0.01275,2553738.09966,33038.0
2024-10-02 12:50:05.844530,PORTOUSDT,1.383,869551.74387,-8.833,1.382,1.384,1.519,1.369,869551.74387,17564.0
2024-10-02 12:50:05.845235,POWRUSDT,0.2044,2396564.0815,-8.953,0.2043,0.2045,0.2247,0.2003,2396564.0815,20017.0
2024-10-02 12:50:05.845783,VGXUSDT,0.018,7556509.1916,0.0,0.0,0.0,0.022,0.0127,7556509.1916,70340.0
2024-10-02 12:50:05.846247,JASMYUSDT,0.01972,18972177.335132,-11.371,0.01971,0.01972,0.02229,0.01878,18972177.335132,126189.0
2024-10-02 12:50:05.846829,AMPUSDT,0.003829,3253785.331509,-8.681,0.003825,0.003829,0.0042,0.003717,3253785.331509,37346.0
2024-10-02 12:50:05.847793,PYRUSDT,2.609,1876926.222275,-9.879,2.608,2.611,2.897,2.522,1876926.222275,22248.0
2024-10-02 12:50:05.848459,ALCXUSDT,13.25,1336656.062978,-10.774,13.25,13.27,14.88,12.93,1336656.062978,19267.0
2024-10-02 12:50:05.848816,SANTOSUSDT,2.628,2721114.49014,-8.112,2.623,2.626,2.959,2.576,2721114.49014,28623.0
2024-10-02 12:50:05.849845,BICOUSDT,0.2181,2718812.967408,-10.431,0.2182,0.2184,0.2437,0.2086,2718812.967408,31778.0
2024-10-02 12:50:05.850173,FLUXUSDT,0.5413,2703083.83687,-11.984,0.5411,0.5415,0.6161,0.5286,2703083.83687,34252.0
2024-10-02 12:50:05.850513,FXSUSDT,2.056,3750069.4831,-9.706,2.055,2.056,2.28,2.017,3750069.4831,29380.0
2024-10-02 12:50:05.850887,VOXELUSDT,0.1538,5528138.89697,-13.789,0.1537,0.1539,0.1786,0.1492,5528138.89697,34776.0
2024-10-02 12:50:05.851521,HIGHUSDT,1.281,6949460.694467,-12.738,1.28,1.281,1.469,1.22,6949460.694467,70418.0
2024-10-02 12:50:05.851924,CVXUSDT,1.915,1947200.701831,-8.461,1.91,1.914,2.2,1.853,1947200.701831,15190.0
2024-10-02 12:50:05.852262,PEOPLEUSDT,0.06465,90402190.959494,-19.298,0.06466,0.06467,0.08034,0.06345,90402190.959494,929020.0
2024-10-02 12:50:05.852768,OOKIUSDT,0.00125,925284.976274,-8.759,0.001249,0.001251,0.001372,0.001213,925284.976274,14644.0
2024-10-02 12:50:05.853115,SPELLUSDT,0.0005321,2250735.7879105,-11.183,0.0005321,0.0005323,0.0005999,0.0005142,2250735.7879105,29057.0
2024-10-02 12:50:05.853864,JOEUSDT,0.3276,3199994.525768,-12.477,0.3275,0.3277,0.3752,0.3187,3199994.525768,38622.0
2024-10-02 12:50:05.854229,ACHUSDT,0.02047,12011649.54646,-5.625,0.02046,0.02048,0.02178,0.01815,12011649.54646,73541.0
2024-10-02 12:50:05.854581,IMXUSDT,1.573,7723636.05256,-9.285,1.573,1.574,1.738,1.525,7723636.05256,63571.0
2024-10-02 12:50:05.854933,GLMRUSDT,0.1644,2168067.83995,-8.565,0.1644,0.1646,0.1803,0.1592,2168067.83995,21257.0
2024-10-02 12:50:05.855276,LOKAUSDT,0.1936,4140585.35128,-12.675,0.1936,0.1938,0.2225,0.188,4140585.35128,31353.0
2024-10-02 12:50:05.855618,SCRTUSDT,0.1967,1011009.95734,-10.469,0.1966,0.1967,0.2207,0.1931,1011009.95734,20592.0
2024-10-02 12:50:05.855963,API3USDT,1.372,5026398.28184,-12.276,1.372,1.373,1.567,1.334,5026398.28184,41752.0
2024-10-02 12:50:05.856328,BTTCUSDT,9.2e-07,2985611.92142973,-3.158,9.1e-07,9.2e-07,9.7e-07,8.9e-07,2985611.92142973,12614.0
2024-10-02 12:50:05.856973,ACAUSDT,0.059,2330254.793247,-11.411,0.0589,0.0591,0.0668,0.057,2330254.793247,17122.0
2024-10-02 12:50:05.858407,XNOUSDT,0.818,709461.62683,-8.501,0.817,0.818,0.895,0.806,709461.62683,15419.0
2024-10-02 12:50:05.859218,WOOUSDT,0.1801,9655203.81576,-12.018,0.1801,0.1802,0.2049,0.1776,9655203.81576,65959.0
2024-10-02 12:50:05.860239,ALPINEUSDT,1.133,1112072.54688,-9.649,1.132,1.133,1.255,1.097,1112072.54688,17426.0
2024-10-02 12:50:05.861373,TUSDT,0.0226,2653683.17188,-10.282,0.02259,0.02261,0.02522,0.0223,2653683.17188,24322.0
2024-10-02 12:50:05.862186,ASTRUSDT,0.0631,9964943.15501,-7.069,0.0631,0.0632,0.0679,0.0607,9964943.15501,61369.0
2024-10-02 12:50:05.862985,GMTUSDT,0.127,25544829.58899,-15.164,0.127,0.1271,0.15,0.1242,25544829.58899,195153.0
2024-10-02 12:50:05.863782,KDAUSDT,0.56,5861709.62934,-8.943,0.56,0.561,0.616,0.538,5861709.62934,40316.0
2024-10-02 12:50:05.864448,APEUSDT,0.685,13363987.86533,-15.432,0.685,0.686,0.812,0.667,13363987.86533,116195.0
2024-10-02 12:50:05.864971,BSWUSDT,0.0586,4598772.79821,-12.144,0.0586,0.0587,0.0667,0.0581,4598772.79821,25910.0
2024-10-02 12:50:05.865442,BIFIUSDT,278.6,488206.3853,-8.235,278.4,278.7,304.0,275.5,488206.3853,15189.0
2024-10-02 12:50:05.866254,STEEMUSDT,0.1724,1316155.12927,-8.493,0.1724,0.1726,0.1887,0.167,1316155.12927,16953.0
2024-10-02 12:50:05.867033,NEXOUSDT,0.992,1306553.21201,-4.524,0.99,0.992,1.043,0.973,1306553.21201,19861.0
2024-10-02 12:50:05.867466,REIUSDT,0.05291,10725464.091247,-12.56,0.05293,0.05295,0.06066,0.05157,10725464.091247,120087.0
2024-10-02 12:50:05.868234,LDOUSDT,1.109,22801907.45123,-14.954,1.108,1.109,1.501,1.103,22801907.45123,145596.0
2024-10-02 12:50:05.868634,EPXUSDT,1.94e-05,3670711.9252082,-53.477,0.0,0.0,4.2e-05,1.7e-05,3670711.9252082,38670.0
2024-10-02 12:50:05.869012,OPUSDT,1.653,43350906.69876,-11.081,1.652,1.653,1.859,1.604,43350906.69876,440943.0
2024-10-02 12:50:05.869379,LEVERUSDT,0.001923,4028471.308893,-13.144,0.001923,0.001924,0.002217,0.001859,4028471.308893,30386.0
2024-10-02 12:50:05.869819,STGUSDT,0.2973,5263528.19354,-9.194,0.2972,0.2973,0.3274,0.2905,5263528.19354,32880.0
2024-10-02 12:50:05.870267,LUNCUSDT,8.9e-05,26461361.87359703,-9.035,8.899e-05,8.901e-05,9.814e-05,8.4e-05,26461361.87359703,197255.0
2024-10-02 12:50:05.870890,GMXUSDT,21.82,3304910.24913,-12.369,21.82,21.83,24.91,21.69,3304910.24913,31053.0
2024-10-02 12:50:05.872059,POLYXUSDT,0.2255,7447015.63094,-10.905,0.2255,0.2256,0.2533,0.2201,7447015.63094,76870.0
2024-10-02 12:50:05.872722,APTUSDT,7.66,82308925.8197,-7.152,7.65,7.66,8.26,7.23,82308925.8197,331411.0
2024-10-02 12:50:05.873422,OSMOUSDT,0.5528,4109251.829882,-9.466,0.553,0.5531,0.6107,0.5315,4109251.829882,33096.0
2024-10-02 12:50:05.874925,HFTUSDT,0.1483,1368852.28241,-8.851,0.1484,0.1486,0.1628,0.1425,1368852.28241,15432.0
2024-10-02 12:50:05.875856,PHBUSDT,1.8,18004244.3775,-4.61,1.8,1.801,1.933,1.54,18004244.3775,79638.0
2024-10-02 12:50:05.876781,HOOKUSDT,0.4295,4119811.6714,-8.792,0.4291,0.4294,0.4712,0.4198,4119811.6714,42989.0
2024-10-02 12:50:05.878601,MAGICUSDT,0.3615,4671771.86477,-9.693,0.3615,0.3617,0.401,0.3464,4671771.86477,47891.0
2024-10-02 12:50:05.880122,HIFIUSDT,0.4572,2545665.127,-9.196,0.4573,0.4575,0.5046,0.4436,2545665.127,24113.0
2024-10-02 12:50:05.881017,RPLUSDT,10.24,2090867.7297,-11.111,10.24,10.25,11.55,9.99,2090867.7297,21011.0
2024-10-02 12:50:05.881988,PROSUSDT,0.3837,22947269.1304,3.173,0.3831,0.3836,0.4839,0.351,22947269.1304,201191.0
2024-10-02 12:50:05.883612,GNSUSDT,1.926,1356981.53195,-10.709,1.924,1.926,2.161,1.909,1356981.53195,24623.0
2024-10-02 12:50:05.884073,SYNUSDT,0.4062,2748150.37467,-12.739,0.4061,0.4063,0.4665,0.3912,2748150.37467,30547.0
2024-10-02 12:50:05.884821,VIBUSDT,0.06529,2989581.7213,-10.242,0.06533,0.0654,0.07279,0.06365,2989581.7213,37684.0
2024-10-02 12:50:05.885213,SSVUSDT,22.08,14956424.10063,-8.986,22.08,22.09,24.4,21.24,14956424.10063,62592.0
2024-10-02 12:50:05.885537,LQTYUSDT,0.827,3733089.6425,-10.011,0.828,0.829,0.919,0.786,3733089.6425,24351.0
2024-10-02 12:50:05.885863,AMBUSDT,0.00674,2950990.53815,-15.327,0.00673,0.00674,0.00797,0.00658,2950990.53815,24529.0
2024-10-02 12:50:05.886976,USTCUSDT,0.02248,37357295.2259,-7.907,0.02247,0.02249,0.02472,0.021,37357295.2259,205657.0
2024-10-02 12:50:05.887436,GASUSDT,3.682,4282532.6923,-9.444,3.681,3.683,4.068,3.594,4282532.6923,35871.0
2024-10-02 12:50:05.887863,GLMUSDT,0.3228,4684749.15782,-12.354,0.3228,0.3229,0.3688,0.3182,4684749.15782,41215.0
2024-10-02 12:50:05.888201,PROMUSDT,5.113,910403.08753,-9.792,5.113,5.114,5.68,5.042,910403.08753,28055.0
2024-10-02 12:50:05.888524,QKCUSDT,0.008881,700450.65377,-6.8,0.008874,0.008883,0.00955,0.00875,700450.65377,11929.0
2024-10-02 12:50:05.888844,UFTUSDT,0.2389,1131263.2613,-3.747,0.2389,0.2391,0.2488,0.2214,1131263.2613,12744.0
2024-10-02 12:50:05.889180,IDUSDT,0.3588,5166387.9806,-9.759,0.3588,0.359,0.3983,0.3458,5166387.9806,49443.0
2024-10-02 12:50:05.889684,ARBUSDT,0.5498,71839699.54019,-11.465,0.5497,0.5498,0.6212,0.5333,71839699.54019,348985.0
2024-10-02 12:50:05.890316,LOOMUSDT,0.04831,701455.13923,-3.88,0.0,0.0,0.05026,0.04795,701455.13923,4643.0
2024-10-02 12:50:05.890919,OAXUSDT,0.1271,654358.2508,-8.495,0.1269,0.1271,0.1391,0.124,654358.2508,26689.0
2024-10-02 12:50:05.891798,RDNTUSDT,0.0715,11458006.4447,-13.017,0.0715,0.0716,0.0824,0.0707,11458006.4447,85843.0
2024-10-02 12:50:05.892550,USDTPLN,3.895,6670760.311,0.387,3.895,3.896,3.898,3.863,6670760.311,6683.0
2024-10-02 12:50:05.894448,USDTRON,4.522,1436091.684,0.735,4.52,4.522,4.526,4.483,1436091.684,2339.0
2024-10-02 12:50:05.895158,USDTARS,1235.1,2034070389.6,0.513,1235.0,1235.1,1244.5,1225.2,2034070389.6,36090.0
2024-10-02 12:50:05.895809,WBTCUSDT,60867.95,4621462.16129,-4.314,60910.46,60913.63,63612.13,60003.59,4621462.16129,42670.0
2024-10-02 12:50:05.896503,EDUUSDT,0.548,8181215.0181,-10.72,0.5477,0.5481,0.6155,0.5056,8181215.0181,71020.0
2024-10-02 12:50:05.897125,SUIUSDT,1.8412,421655104.32487,-2.396,1.8415,1.8416,1.9319,1.6589,421655104.32487,1068769.0
2024-10-02 12:50:05.897874,AERGOUSDT,0.0948,2753309.813,-10.142,0.0949,0.095,0.1057,0.0926,2753309.813,17098.0
2024-10-02 12:50:05.898964,PEPEUSDT,9.58e-06,637890643.1937566,-14.541,9.57e-06,9.58e-06,1.125e-05,9.29e-06,637890643.1937566,2354563.0
2024-10-02 12:50:05.899526,FLOKIUSDT,0.00013571,115350370.17014736,-15.382,0.0001357,0.00013571,0.00016085,0.00013182,115350370.17014736,15992480.0
2024-10-02 12:50:05.899925,ASTUSDT,0.0795,513268.2856,-8.41,0.0794,0.0795,0.0871,0.0781,513268.2856,11745.0
2024-10-02 12:50:05.900376,SNTUSDT,0.02234,1159071.78639,-6.917,0.02232,0.02234,0.02423,0.02207,1159071.78639,15472.0
2024-10-02 12:50:05.900731,COMBOUSDT,0.3926,3488079.15809,-16.236,0.3923,0.3926,0.4693,0.385,3488079.15809,33341.0
2024-10-02 12:50:05.901093,MAVUSDT,0.1892,5463601.5712,-14.312,0.1892,0.1893,0.2209,0.1855,5463601.5712,46284.0
2024-10-02 12:50:05.901411,PENDLEUSDT,3.844,39209759.7549,-9.68,3.846,3.847,4.262,3.71,39209759.7549,288985.0
2024-10-02 12:50:05.901747,TUSDTRY,34.25,2995964.73,0.293,34.25,34.26,34.34,34.05,2995964.73,499.0
2024-10-02 12:50:05.902069,ARKMUSDT,1.356,37367350.6516,-11.315,1.356,1.357,1.533,1.278,37367350.6516,349780.0
2024-10-02 12:50:05.902384,WBETHUSDT,2571.12,3737203.678837,-6.771,2572.82,2575.37,2758.35,2531.04,3737203.678837,23374.0
2024-10-02 12:50:05.902806,WLDUSDT,1.692,75536426.1018,-11.041,1.691,1.692,1.907,1.572,75536426.1018,461730.0
2024-10-02 12:50:05.903168,FDUSDUSDT,0.9991,578366270.1515,0.0,0.9991,0.9992,0.9994,0.9986,578366270.1515,429127.0
2024-10-02 12:50:05.903517,SEIUSDT,0.4337,149916152.9416,-10.559,0.4338,0.4339,0.4862,0.4118,149916152.9416,383819.0
2024-10-02 12:50:05.903875,CYBERUSDT,3.032,9513785.04623,-14.302,3.031,3.033,3.539,2.7,9513785.04623,77590.0
2024-10-02 12:50:05.904234,ARKUSDT,0.4022,8626064.8163,-14.28,0.402,0.4021,0.4702,0.3984,8626064.8163,73307.0
2024-10-02 12:50:05.904555,CREAMUSDT,16.6,1836201.59335,-9.041,16.6,16.63,18.29,16.0,1836201.59335,16884.0
2024-10-02 12:50:05.904905,GFTUSDT,0.01661,3389651.75891,-14.821,0.01659,0.01662,0.01961,0.01624,3389651.75891,35593.0
2024-10-02 12:50:05.905258,IQUSDT,0.005988,2984236.809285,-9.41,0.005982,0.005986,0.006627,0.005953,2984236.809285,28360.0
2024-10-02 12:50:05.906623,FDUSDTRY,34.31,202527396.2,0.38,34.31,34.32,34.34,34.16,202527396.2,38101.0
2024-10-02 12:50:05.907602,NTRNUSDT,0.398,4694945.48205,-12.643,0.398,0.3983,0.4564,0.3883,4694945.48205,36848.0
2024-10-02 12:50:05.908501,TIAUSDT,5.242,56508809.84496,-7.402,5.243,5.244,5.669,4.945,56508809.84496,365168.0
2024-10-02 12:50:05.909645,MEMEUSDT,0.01045,17048327.72523,-14.062,0.01045,0.01046,0.01219,0.01017,17048327.72523,69505.0
2024-10-02 12:50:05.911210,ORDIUSDT,33.48,68502874.7015,-14.132,33.48,33.49,39.07,32.58,68502874.7015,234714.0
2024-10-02 12:50:05.912262,BEAMXUSDT,0.01708,20661488.86475,-18.395,0.01707,0.01708,0.02097,0.01694,20661488.86475,134341.0
2024-10-02 12:50:05.913556,PIVXUSDT,0.1928,578937.5144,-7.751,0.1925,0.1928,0.2091,0.184,578937.5144,15658.0
2024-10-02 12:50:05.914664,VICUSDT,0.3685,1801836.349834,-14.699,0.3681,0.3685,0.4321,0.364,1801836.349834,20599.0
2024-10-02 12:50:05.915489,BLURUSDT,0.2157,8461247.8208,-9.408,0.2157,0.2158,0.2383,0.2051,8461247.8208,48332.0
2024-10-02 12:50:05.915997,VANRYUSDT,0.0907,14200534.4465,-17.545,0.0906,0.0907,0.1102,0.0862,14200534.4465,104067.0
2024-10-02 12:50:05.916363,AEURUSDT,1.1046,237570.09743,-0.262,1.1047,1.1049,1.1083,1.104,237570.09743,3448.0
2024-10-02 12:50:05.916774,JTOUSDT,2.121,14176419.2797,-9.783,2.121,2.123,2.354,2.029,14176419.2797,62935.0
2024-10-02 12:50:05.917142,1000SATSUSDT,0.0002659,116804357.462406,-15.587,0.0002658,0.0002659,0.0003154,0.0002571,116804357.462406,1540558.0
2024-10-02 12:50:05.917500,BONKUSDT,2.233e-05,189971232.41541088,-12.842,2.233e-05,2.234e-05,2.594e-05,2.166e-05,189971232.41541088,11813758.0
2024-10-02 12:50:05.917871,ACEUSDT,2.124,9921894.6233,-13.973,2.123,2.125,2.473,2.048,9921894.6233,48725.0
2024-10-02 12:50:05.918245,NFPUSDT,0.2097,5426952.8593,-14.998,0.2097,0.2099,0.2469,0.203,5426952.8593,44069.0
2024-10-02 12:50:05.918623,AIUSDT,0.4176,10074013.21823,-14.723,0.4175,0.4176,0.4905,0.4053,10074013.21823,154323.0
2024-10-02 12:50:05.919007,XAIUSDT,0.1989,20090291.3011,-15.326,0.1989,0.199,0.2351,0.1907,20090291.3011,90061.0
2024-10-02 12:50:05.919400,MANTAUSDT,0.771,24796732.1837,-9.613,0.77,0.771,0.855,0.705,24796732.1837,169231.0
2024-10-02 12:50:05.919795,ALTUSDT,0.12038,32773127.5599,-9.699,0.12039,0.12042,0.13343,0.11077,32773127.5599,354306.0
2024-10-02 12:50:05.920465,JUPUSDT,0.7941,24863519.50206,-11.125,0.794,0.7941,0.8944,0.78,24863519.50206,137249.0
2024-10-02 12:50:05.920857,PYTHUSDT,0.3291,19710573.42383,-5.322,0.3291,0.3292,0.3482,0.302,19710573.42383,111867.0
2024-10-02 12:50:05.921234,RONINUSDT,1.66,5701430.36122,-7.675,1.66,1.661,1.798,1.622,5701430.36122,28246.0
2024-10-02 12:50:05.921609,DYMUSDT,1.538,13240569.2408,-11.711,1.538,1.539,1.743,1.451,13240569.2408,86241.0
2024-10-02 12:50:05.922060,PIXELUSDT,0.1355,16505079.22227,-13.085,0.1354,0.1355,0.1561,0.13,16505079.22227,77448.0
2024-10-02 12:50:05.922557,STRKUSDT,0.3902,36782200.226222,-15.541,0.3901,0.3902,0.463,0.3796,36782200.226222,193521.0
2024-10-02 12:50:05.923885,PORTALUSDT,0.2884,11225067.66802,-14.167,0.2883,0.2885,0.3365,0.2767,11225067.66802,69818.0
2024-10-02 12:50:05.926373,PDAUSDT,0.0447,2155336.26221,-11.834,0.0447,0.0448,0.0508,0.0442,2155336.26221,25192.0
2024-10-02 12:50:05.927953,AXLUSDT,0.5818,5812733.951854,-8.536,0.5819,0.582,0.6373,0.55,5812733.951854,55564.0
2024-10-02 12:50:05.928844,WIFUSDT,2.25,392976114.3421,-11.695,2.249,2.25,2.551,2.151,392976114.3421,2411836.0
2024-10-02 12:50:05.929821,METISUSDT,34.02,5781305.83559,-13.259,34.02,34.04,39.24,33.43,5781305.83559,38320.0
2024-10-02 12:50:05.930846,AEVOUSDT,0.3455,17028804.88546,-12.753,0.3453,0.3455,0.3967,0.3337,17028804.88546,211253.0
2024-10-02 12:50:05.931566,BOMEUSDT,0.006361,87543402.115647,-14.18,0.006365,0.006367,0.007423,0.006174,87543402.115647,796928.0
2024-10-02 12:50:05.932455,ETHFIUSDT,1.541,54370614.7161,-10.718,1.541,1.542,1.729,1.438,54370614.7161,286717.0
2024-10-02 12:50:05.933291,ENAUSDT,0.3618,70588851.416968,-3.955,0.3617,0.3618,0.3833,0.3402,70588851.416968,411091.0
2024-10-02 12:50:05.934185,WUSDT,0.372,101313865.99428,22.167,0.3721,0.3722,0.416,0.2759,101313865.99428,422553.0
2024-10-02 12:50:05.934733,TNSRUSDT,0.3854,7601558.43556,-5.539,0.3857,0.3859,0.408,0.3398,7601558.43556,54527.0
2024-10-02 12:50:05.935176,SAGAUSDT,2.698,65760258.89818,-1.125,2.6982,2.6996,2.7814,2.353,65760258.89818,285246.0
2024-10-02 12:50:05.935620,USDTMXN,19.65,18345188.68,-1.504,19.65,19.66,20.14,19.57,18345188.68,5908.0
2024-10-02 12:50:05.936059,USDTCZK,22.86,2280224.57,0.705,22.86,22.87,22.89,22.63,2280224.57,743.0
2024-10-02 12:50:05.936664,TAOUSDT,535.0,143328179.9748,-6.058,535.2,535.3,580.9,512.7,143328179.9748,369724.0
2024-10-02 12:50:05.937250,OMNIUSDT,9.18,11605388.1435,-7.179,9.18,9.19,9.89,8.32,11605388.1435,73278.0
2024-10-02 12:50:05.937828,REZUSDT,0.04148,12407645.642408,-9.728,0.04149,0.04152,0.04601,0.03845,12407645.642408,104318.0
2024-10-02 12:50:05.938317,BBUSDT,0.3128,16601010.61081,-10.295,0.3128,0.3129,0.3491,0.2868,16601010.61081,165196.0
2024-10-02 12:50:05.938752,NOTUSDT,0.007574,92895188.06042,-14.476,0.007575,0.007576,0.008892,0.007143,92895188.06042,417712.0
2024-10-02 12:50:05.939195,USDTCOP,4084.0,904639908.0,1.239,4084.0,4087.0,4096.0,4027.0,904639908.0,5077.0
2024-10-02 12:50:05.940113,IOUSDT,1.77,52891969.02664,-13.193,1.77,1.771,2.043,1.616,52891969.02664,280327.0
2024-10-02 12:50:05.941574,ZKUSDT,0.1279,33584104.55714,-7.787,0.1278,0.1279,0.139,0.1169,33584104.55714,186225.0
2024-10-02 12:50:05.943066,LISTAUSDT,0.3274,12345649.51955,-12.46,0.3275,0.3277,0.3744,0.3054,12345649.51955,87744.0
2024-10-02 12:50:05.944937,ZROUSDT,4.326,49591930.45125,-8.094,4.325,4.326,4.78,4.166,49591930.45125,406176.0
2024-10-02 12:50:05.946112,GUSDT,0.03387,3794200.7688,-9.896,0.03387,0.0339,0.0376,0.0335,3794200.7688,24620.0
2024-10-02 12:50:05.947385,BANANAUSDT,44.42,14880692.84263,-4.678,44.42,44.43,47.2,41.41,14880692.84263,159391.0
2024-10-02 12:50:05.948340,RENDERUSDT,5.666,55264193.87902,-14.938,5.666,5.667,6.667,5.565,55264193.87902,243422.0
2024-10-02 12:50:05.949361,TONUSDT,5.398,64828804.77795,-6.963,5.398,5.399,5.805,5.172,64828804.77795,731542.0
2024-10-02 12:50:05.950403,DOGSUSDT,0.0006495,87444327.0709,-15.792,0.0006498,0.0006499,0.0007726,0.000612,87444327.0709,370000.0
2024-10-02 12:50:05.951805,EURIUSDT,1.1047,12194474.43057,-0.226,1.1046,1.1047,1.1084,1.1043,12194474.43057,17518.0
2024-10-02 12:50:05.953311,SLFUSDT,0.3704,6695158.21281,-15.24,0.3704,0.3707,0.4392,0.3643,6695158.21281,54621.0
2024-10-02 12:50:05.954601,POLUSDT,0.3745,31250717.95841,-6.864,0.3745,0.3746,0.4028,0.366,31250717.95841,107919.0
2024-10-02 12:50:05.955747,NEIROUSDT,0.00097958,287327534.44340456,-14.698,0.00097972,0.00097977,0.00117133,0.00089004,287327534.44340456,1446097.0
2024-10-02 12:50:05.956860,TURBOUSDT,0.005163,20909439.346238,-12.669,0.005164,0.005166,0.005944,0.004888,20909439.346238,88241.0
2024-10-02 12:50:05.957944,1MBABYDOGEUSDT,0.001959,30754294.9785823,-16.574,0.001959,0.0019598,0.0023543,0.0018753,30754294.9785823,250965.0
2024-10-02 12:50:05.959104,CATIUSDT,0.4486,60658006.91334,-18.937,0.4487,0.4488,0.5542,0.4388,60658006.91334,272253.0
2024-10-02 12:50:05.961058,HMSTRUSDT,0.004577,57878408.932327,-13.853,0.004577,0.004578,0.005327,0.004439,57878408.932327,404430.0
2024-10-02 12:50:05.962435,EIGENUSDT,3.623,264424834.28989,-4.153,3.624,3.625,4.444,3.462,264424834.28989,603057.0
